backend	run	pages	n	failures	scan_min_ns	scan_mean_ns	scan_max_ns	total_min_ns	total_mean_ns	total_max_ns	capture_sha256
arm64	1	1	100	0	128	217	7440	608	817	12352	dd029020186406a8c270dfe0aab7ea8be2264fc5b3cc45826b84b5a9d359fa80
arm64	1	3	100	0	160	200	336	688	775	1120	dd029020186406a8c270dfe0aab7ea8be2264fc5b3cc45826b84b5a9d359fa80
arm64	2	1	100	0	128	218	8448	608	759	14064	42e6ada23adda5d3c5d77a307f3cb014d7234eb0a010fbef9df2f3d40ed96e07
arm64	2	3	100	0	176	192	384	688	707	1200	42e6ada23adda5d3c5d77a307f3cb014d7234eb0a010fbef9df2f3d40ed96e07
arm64	3	1	100	0	80	146	5664	400	500	9344	1b6960f1c852a6aa22d6be7a28c52e0dda5f709cd08d0c70e0013b4896b4ad46
arm64	3	3	100	0	112	125	224	448	462	784	1b6960f1c852a6aa22d6be7a28c52e0dda5f709cd08d0c70e0013b4896b4ad46
arm64	4	1	100	0	80	148	5808	400	500	9328	3545dc946d9685865103a79a71e04270d17340fdef834fe17ef228c4e32b0fbc
arm64	4	3	100	0	112	125	240	448	466	880	3545dc946d9685865103a79a71e04270d17340fdef834fe17ef228c4e32b0fbc
arm64	5	1	100	0	128	225	8544	608	761	14080	876261099269f15472a04d464c6e8400a906704213072de0ade4f4f14a43af7a
arm64	5	3	100	0	176	199	400	688	707	1264	876261099269f15472a04d464c6e8400a906704213072de0ade4f4f14a43af7a
rv64	1	1	100	0	100	147	300	400	538	3800	b81aaa7e3a4dd4aba12f93fcba0891008ef6137c1dc43e422610cdbac56a1b42
rv64	1	3	100	0	200	272	400	600	696	1100	b81aaa7e3a4dd4aba12f93fcba0891008ef6137c1dc43e422610cdbac56a1b42
rv64	2	1	100	0	200	226	400	800	860	5800	0139b0f8d53ec1f6bac231114d14f877870e8773008bf109c7dd160c3b41ccc3
rv64	2	3	100	0	400	405	600	1000	1106	1700	0139b0f8d53ec1f6bac231114d14f877870e8773008bf109c7dd160c3b41ccc3
rv64	3	1	100	0	200	229	500	700	824	5600	ecbd770c3893e6d0fb3de3fb0c9209b42cf3784ca20c50191180620235181037
rv64	3	3	100	0	300	388	600	1000	1041	1600	ecbd770c3893e6d0fb3de3fb0c9209b42cf3784ca20c50191180620235181037
rv64	4	1	100	0	100	143	300	400	537	3800	591baf66465c67982745e4933ad79d601d70fa701b5acd90bfeab466b3089c36
rv64	4	3	100	0	200	248	400	600	686	1000	591baf66465c67982745e4933ad79d601d70fa701b5acd90bfeab466b3089c36
rv64	5	1	100	0	200	213	400	700	815	5600	43871eee8743ef15f29dde7f1af25568c1cc766cbccc17a67f644cb96fa6cd11
rv64	5	3	100	0	300	386	600	1000	1037	1500	43871eee8743ef15f29dde7f1af25568c1cc766cbccc17a67f644cb96fa6cd11
x86	1	1	100	0	150	169	331	950	1025	3703	80c0650624503aded89d96a2edcfb118091b01db463dd48b0ac5926c1c79ef80
x86	1	3	100	0	240	256	460	1661	1711	2883	80c0650624503aded89d96a2edcfb118091b01db463dd48b0ac5926c1c79ef80
x86	2	1	100	0	160	174	340	960	1003	2410	a2b1628bb5cc2602ea6bb954fde12593083472ce51beb551ea11d41178be21d1
x86	2	3	100	0	240	254	350	1620	1674	2490	a2b1628bb5cc2602ea6bb954fde12593083472ce51beb551ea11d41178be21d1
x86	3	1	100	0	160	175	430	979	1018	2838	c0ed7492894449efe188c73876f48baeba15f8e27de02ece456f3b99706cdaf1
x86	3	3	100	0	230	245	330	1689	1713	2269	c0ed7492894449efe188c73876f48baeba15f8e27de02ece456f3b99706cdaf1
x86	4	1	100	0	160	177	341	971	1007	2342	639c1027e5148a1265251b4bbcb72626abe8e28455847dd15dad69eaa52a20db
x86	4	3	100	0	240	251	380	1681	1708	2242	639c1027e5148a1265251b4bbcb72626abe8e28455847dd15dad69eaa52a20db
x86	5	1	100	0	240	264	490	1450	1521	5351	c4e13de0e6b1db3f7da364819d69fa1f58cef79d68da60f595891528325b162a
x86	5	3	100	0	350	363	510	2500	2527	3121	c4e13de0e6b1db3f7da364819d69fa1f58cef79d68da60f595891528325b162a
