board	app	profile	text	data	bss	flash	static_ram	image
bluepill-c8	hello	full	33532	568	7904	34100	8472	build/m-bp-full/user/apps/common/hello/hello
bluepill-c8	hello	nano	33920	132	6280	34052	6412	build/m-bp-nano/user/apps/common/hello/hello
bluepill-c8	errnoprobe	full	38540	1604	8312	40144	9916	build/m-bp-full/user/apps/common/errnoprobe/errnoprobe
bluepill-c8	errnoprobe	nano	44412	148	7032	44560	7180	build/m-bp-nano/user/apps/common/errnoprobe/errnoprobe
bluepill-c8	selftest_p2	full	52524	680	8736	53204	9416	build/m-bp-full/user/apps/common/selftest/selftest_p2
bluepill-c8	selftest_p2	nano	52912	244	7112	53156	7356	build/m-bp-nano/user/apps/common/selftest/selftest_p2
microbit	hello	full	36740	568	12464	37308	13032	build/m-mb-full/user/apps/common/hello/hello
microbit	hello	nano	37108	132	11000	37240	11132	build/m-mb-nano/user/apps/common/hello/hello
microbit	errnoprobe	full	92516	2308	12936	94824	15244	build/m-mb-full/user/apps/common/errnoprobe/errnoprobe
microbit	errnoprobe	nano	56640	252	11800	56892	12052	build/m-mb-nano/user/apps/common/errnoprobe/errnoprobe
microbit	selftest_p2	full	60352	704	13360	61056	14064	build/m-mb-full/user/apps/common/selftest/selftest_p2
microbit	selftest_p2	nano	60720	268	11912	60988	12180	build/m-mb-nano/user/apps/common/selftest/selftest_p2
qemu-m3	initdemo	full	46148	1668	94048	47816	95716	build/m-m3-full/user/apps/common/initdemo/initdemo
qemu-m3	initdemo	nano	42560	188	95528	42748	95716	build/m-m3-nano/user/apps/common/initdemo/initdemo
