preset	class	final_measured	final_enforced	base_measured	base_enforced	delta	status
blackpill	EXITK	296	448	296	448	0	ok
blackpill	PANIC	104	320	104	320	0	ok
blackpill	PENDSV	0	0	0	0	0	ok
blackpill	RET	272	312	272	312	0	ok
blackpill	SVCK	548	768	548	768	0	ok
blackpill-flat	EXITK	296	448	296	448	0	ok
blackpill-flat	PANIC	104	320	104	320	0	ok
blackpill-flat	PENDSV	0	0	0	0	0	ok
blackpill-flat	RET	272	312	272	312	0	ok
blackpill-flat	SVCK	444	768	444	768	0	ok
blackpill-st	EXITK	296	448	296	448	0	ok
blackpill-st	PANIC	104	320	104	320	0	ok
blackpill-st	PENDSV	0	0	0	0	0	ok
blackpill-st	RET	272	312	272	312	0	ok
blackpill-st	SVCK	636	768	636	768	0	ok
bluepill-c8	EXIT	296	448	296	448	0	ok
bluepill-c8	PANIC	120	320	120	320	0	ok
bluepill-c8	PENDSV	0	0	0	0	0	ok
bluepill-c8	RET	264	312	264	312	0	ok
bluepill-c8	SVC	444	448	444	448	0	ok
bluepill-c8-st	EXIT	296	448	296	448	0	ok
bluepill-c8-st	PANIC	120	320	120	320	0	ok
bluepill-c8-st	PENDSV	0	0	0	0	0	ok
bluepill-c8-st	RET	264	312	264	312	0	ok
bluepill-c8-st	SVC	444	448	444	448	0	ok
due	EXIT	296	448	296	448	0	ok
due	PANIC	104	320	104	320	0	ok
due	PENDSV	0	0	0	0	0	ok
due	RET	264	312	264	312	0	ok
due	SVC	444	448	444	448	0	ok
due-st	EXIT	296	448	296	448	0	ok
due-st	PANIC	104	320	104	320	0	ok
due-st	PENDSV	0	0	0	0	0	ok
due-st	RET	264	312	264	312	0	ok
due-st	SVC	444	448	444	448	0	ok
esp32-wroom	IDLE	64	64	64	64	0	ok
esp32-wroom	PANIC	272	768	272	768	0	ok
esp32-wroom	PREEMPT	432	432	432	432	0	ok
esp32-wroom-bench	IDLE	64	64	64	64	0	ok
esp32-wroom-bench	PANIC	288	768	288	768	0	ok
esp32-wroom-bench	PREEMPT	432	432	432	432	0	ok
esp32-wroom-benchsmp	IDLE	64	64	-	-	-	ok
esp32-wroom-benchsmp	PANIC	528	768	-	-	-	ok
esp32-wroom-benchsmp	PREEMPT	592	640	-	-	-	ok
esp32-wroom-smp	IDLE	64	64	64	64	0	ok
esp32-wroom-smp	PANIC	528	768	528	768	0	ok
esp32-wroom-smp	PREEMPT	576	640	576	576	0	ok
esp32-wroom-st	IDLE	64	64	64	64	0	ok
esp32-wroom-st	PANIC	272	768	272	768	0	ok
esp32-wroom-st	PREEMPT	432	432	432	432	0	ok
esp32c6-wroom	EXITK	352	576	352	576	0	ok
esp32c6-wroom	FAULT	544	832	544	832	0	ok
esp32c6-wroom	IDLE	16	64	16	64	0	ok
esp32c6-wroom	NESTED	544	832	544	832	0	ok
esp32c6-wroom	PANIC	128	448	128	448	0	ok
esp32c6-wroom	RET	352	384	352	384	0	ok
esp32c6-wroom	SWITCH	0	0	0	0	0	ok
esp32c6-wroom	SYS	592	912	592	912	0	ok
esp32c6-wroom	SYSPRIV	592	704	592	704	0	ok
esp32c6-wroom	TRAP	176	480	176	480	0	ok
esp32c6-wroom-amp2-n0	EXITK	640	640	640	640	0	ok
esp32c6-wroom-amp2-n0	FAULT	608	832	608	832	0	ok
esp32c6-wroom-amp2-n0	IDLE	16	64	16	64	0	ok
esp32c6-wroom-amp2-n0	NESTED	608	832	608	832	0	ok
esp32c6-wroom-amp2-n0	PANIC	144	448	144	448	0	ok
esp32c6-wroom-amp2-n0	RET	640	640	640	640	0	ok
esp32c6-wroom-amp2-n0	SWITCH	0	0	0	0	0	ok
esp32c6-wroom-amp2-n0	SYS	832	912	832	912	0	ok
esp32c6-wroom-amp2-n0	SYSPRIV	832	832	832	832	0	ok
esp32c6-wroom-amp2-n0	TRAP	224	480	224	480	0	ok
esp32c6-wroom-amp2-n1	EXITK	384	640	384	640	0	ok
esp32c6-wroom-amp2-n1	FAULT	544	832	544	832	0	ok
esp32c6-wroom-amp2-n1	IDLE	16	64	16	64	0	ok
esp32c6-wroom-amp2-n1	NESTED	544	832	544	832	0	ok
esp32c6-wroom-amp2-n1	PANIC	112	448	112	448	0	ok
esp32c6-wroom-amp2-n1	RET	384	640	384	640	0	ok
esp32c6-wroom-amp2-n1	SWITCH	0	0	0	0	0	ok
esp32c6-wroom-amp2-n1	SYS	624	912	624	912	0	ok
esp32c6-wroom-amp2-n1	SYSPRIV	624	832	624	832	0	ok
esp32c6-wroom-amp2-n1	TRAP	272	480	272	480	0	ok
esp32c6-wroom-bench	EXITK	384	576	384	576	0	ok
esp32c6-wroom-bench	FAULT	544	832	544	832	0	ok
esp32c6-wroom-bench	IDLE	16	64	16	64	0	ok
esp32c6-wroom-bench	NESTED	544	832	544	832	0	ok
esp32c6-wroom-bench	PANIC	176	448	192	448	-16	ok
esp32c6-wroom-bench	RET	384	448	384	448	0	ok
esp32c6-wroom-bench	SWITCH	0	0	0	0	0	ok
esp32c6-wroom-bench	SYS	752	912	752	912	0	ok
esp32c6-wroom-bench	SYSPRIV	752	832	752	832	0	ok
esp32c6-wroom-bench	TRAP	208	480	208	480	0	ok
esp32c6-wroom-flat	EXITK	352	576	352	576	0	ok
esp32c6-wroom-flat	FAULT	544	832	544	832	0	ok
esp32c6-wroom-flat	IDLE	16	64	16	64	0	ok
esp32c6-wroom-flat	NESTED	544	832	544	832	0	ok
esp32c6-wroom-flat	PANIC	128	448	128	448	0	ok
esp32c6-wroom-flat	RET	352	384	352	384	0	ok
esp32c6-wroom-flat	SWITCH	0	0	0	0	0	ok
esp32c6-wroom-flat	SYS	544	912	544	912	0	ok
esp32c6-wroom-flat	SYSPRIV	544	704	544	704	0	ok
esp32c6-wroom-flat	TRAP	176	480	176	480	0	ok
esp32c6-wroom-st	EXITK	352	576	352	576	0	ok
esp32c6-wroom-st	FAULT	544	832	544	832	0	ok
esp32c6-wroom-st	IDLE	16	64	16	64	0	ok
esp32c6-wroom-st	NESTED	544	832	544	832	0	ok
esp32c6-wroom-st	PANIC	128	448	128	448	0	ok
esp32c6-wroom-st	RET	352	384	352	384	0	ok
esp32c6-wroom-st	SWITCH	0	0	0	0	0	ok
esp32c6-wroom-st	SYS	688	912	688	912	0	ok
esp32c6-wroom-st	SYSPRIV	688	704	688	704	0	ok
esp32c6-wroom-st	TRAP	176	480	176	480	0	ok
f302nucleo	EXIT	296	448	296	448	0	ok
f302nucleo	PANIC	120	320	120	320	0	ok
f302nucleo	PENDSV	0	0	0	0	0	ok
f302nucleo	RET	264	312	264	312	0	ok
f302nucleo	SVC	444	448	444	448	0	ok
f302nucleo-st	EXIT	296	448	296	448	0	ok
f302nucleo-st	PANIC	120	320	120	320	0	ok
f302nucleo-st	PENDSV	0	0	0	0	0	ok
f302nucleo-st	RET	264	312	264	312	0	ok
f302nucleo-st	SVC	444	448	444	448	0	ok
f411disco	EXITK	296	448	296	448	0	ok
f411disco	PANIC	104	320	104	320	0	ok
f411disco	PENDSV	0	0	0	0	0	ok
f411disco	RET	272	312	272	312	0	ok
f411disco	SVCK	548	768	548	768	0	ok
f411disco-bench	EXITK	328	448	328	448	0	ok
f411disco-bench	PANIC	156	320	164	320	-8	ok
f411disco-bench	PENDSV	0	0	0	0	0	ok
f411disco-bench	RET	320	352	320	352	0	ok
f411disco-bench	SVCK	768	832	760	768	8	ok
f411disco-flat	EXITK	296	448	296	448	0	ok
f411disco-flat	PANIC	104	320	104	320	0	ok
f411disco-flat	PENDSV	0	0	0	0	0	ok
f411disco-flat	RET	272	312	272	312	0	ok
f411disco-flat	SVCK	444	768	444	768	0	ok
f411disco-st	EXITK	296	448	296	448	0	ok
f411disco-st	PANIC	104	320	104	320	0	ok
f411disco-st	PENDSV	0	0	0	0	0	ok
f411disco-st	RET	272	312	272	312	0	ok
f411disco-st	SVCK	636	768	636	768	0	ok
frdmk64f	EXITK	296	448	296	448	0	ok
frdmk64f	PANIC	104	320	104	320	0	ok
frdmk64f	PENDSV	0	0	0	0	0	ok
frdmk64f	RET	272	312	272	312	0	ok
frdmk64f	SVCK	552	768	552	768	0	ok
frdmk64f-flat	EXITK	296	448	296	448	0	ok
frdmk64f-flat	PANIC	104	320	104	320	0	ok
frdmk64f-flat	PENDSV	0	0	0	0	0	ok
frdmk64f-flat	RET	272	312	272	312	0	ok
frdmk64f-flat	SVCK	444	768	444	768	0	ok
frdmk64f-st	EXITK	296	448	296	448	0	ok
frdmk64f-st	PANIC	104	320	104	320	0	ok
frdmk64f-st	PENDSV	0	0	0	0	0	ok
frdmk64f-st	RET	272	312	272	312	0	ok
frdmk64f-st	SVCK	640	768	640	768	0	ok
imx8mp-evk	EXITK	736	1232	752	1232	-16	ok
imx8mp-evk	EXITKSW	1376	1648	1408	1648	-32	ok
imx8mp-evk	FAULT	800	1216	832	1216	-32	ok
imx8mp-evk	IDLE	16	64	16	64	0	ok
imx8mp-evk	IRQ	384	768	384	768	0	ok
imx8mp-evk	IRQK	384	768	384	768	0	ok
imx8mp-evk	PANIC	272	704	272	704	0	ok
imx8mp-evk	RET	720	1216	720	1216	0	ok
imx8mp-evk	RETSW	1264	1536	1264	1536	0	ok
imx8mp-evk	SYSK	1520	2048	1520	1808	0	ok
microbit	EXITK	392	448	392	448	0	ok
microbit	PANIC	120	320	120	320	0	ok
microbit	PENDSV	0	0	0	0	0	ok
microbit	RET	368	504	368	504	0	ok
microbit	SVC	0	0	0	0	0	ok
microbit	SVCK	536	808	536	808	0	ok
picopi	EXITK	392	448	392	448	0	ok
picopi	PANIC	128	320	128	320	0	ok
picopi	PENDSV	0	0	0	0	0	ok
picopi	RET	368	504	368	504	0	ok
picopi	SVC	0	0	0	0	0	ok
picopi	SVCK	580	808	572	808	8	ok
picopi-flat	EXITK	392	448	392	448	0	ok
picopi-flat	PANIC	128	320	128	320	0	ok
picopi-flat	PENDSV	0	0	0	0	0	ok
picopi-flat	RET	368	504	368	504	0	ok
picopi-flat	SVC	0	0	0	0	0	ok
picopi-flat	SVCK	536	808	536	808	0	ok
picopi-st	EXITK	392	448	392	448	0	ok
picopi-st	PANIC	128	320	128	320	0	ok
picopi-st	PENDSV	0	0	0	0	0	ok
picopi-st	RET	368	504	368	504	0	ok
picopi-st	SVC	0	0	0	0	0	ok
picopi-st	SVCK	676	808	668	808	8	ok
pizero2350	EXITK	296	448	296	448	0	ok
pizero2350	PANIC	104	320	104	320	0	ok
pizero2350	PENDSV	0	0	0	0	0	ok
pizero2350	RET	272	312	272	312	0	ok
pizero2350	SVCK	552	768	552	768	0	ok
pizero2350-amp	EXITK	296	448	296	448	0	ok
pizero2350-amp	PANIC	104	320	104	320	0	ok
pizero2350-amp	PENDSV	0	0	0	0	0	ok
pizero2350-amp	RET	272	312	272	312	0	ok
pizero2350-amp	SVCK	640	768	640	768	0	ok
pizero2350-amp2-n0	EXITK	296	448	296	448	0	ok
pizero2350-amp2-n0	PANIC	128	320	128	320	0	ok
pizero2350-amp2-n0	PENDSV	0	0	0	0	0	ok
pizero2350-amp2-n0	RET	272	312	272	312	0	ok
pizero2350-amp2-n0	SVCK	652	768	660	768	-8	ok
pizero2350-amp2-n1	EXITK	296	448	296	448	0	ok
pizero2350-amp2-n1	PANIC	128	320	120	320	8	ok
pizero2350-amp2-n1	PENDSV	0	0	0	0	0	ok
pizero2350-amp2-n1	RET	272	312	272	312	0	ok
pizero2350-amp2-n1	SVCK	652	768	660	768	-8	ok
pizero2350-flat	EXITK	296	448	296	448	0	ok
pizero2350-flat	PANIC	104	320	104	320	0	ok
pizero2350-flat	PENDSV	0	0	0	0	0	ok
pizero2350-flat	RET	272	312	272	312	0	ok
pizero2350-flat	SVCK	444	768	444	768	0	ok
pizero2350-st	EXITK	296	448	296	448	0	ok
pizero2350-st	PANIC	104	320	104	320	0	ok
pizero2350-st	PENDSV	0	0	0	0	0	ok
pizero2350-st	RET	272	312	272	312	0	ok
pizero2350-st	SVCK	640	768	640	768	0	ok
qemu	EXITK	296	448	296	448	0	ok
qemu	PANIC	104	320	104	320	0	ok
qemu	PENDSV	0	0	0	0	0	ok
qemu	RET	272	312	272	312	0	ok
qemu	SVCK	624	768	624	768	0	ok
qemu-arm64	EXITK	736	1232	752	1232	-16	ok
qemu-arm64	EXITKSW	1376	1648	1408	1648	-32	ok
qemu-arm64	FAULT	800	1216	832	1216	-32	ok
qemu-arm64	IDLE	16	64	16	64	0	ok
qemu-arm64	IRQ	384	768	384	768	0	ok
qemu-arm64	IRQK	384	768	384	768	0	ok
qemu-arm64	PANIC	272	704	272	704	0	ok
qemu-arm64	RET	720	1216	720	1216	0	ok
qemu-arm64	RETSW	1264	1536	1264	1536	0	ok
qemu-arm64	SYSK	1520	2048	1520	1808	0	ok
qemu-arm64-amp	EXITK	784	1232	800	1232	-16	ok
qemu-arm64-amp	EXITKSW	1424	1648	1456	1648	-32	ok
qemu-arm64-amp	FAULT	816	1216	848	1216	-32	ok
qemu-arm64-amp	IDLE	16	64	16	64	0	ok
qemu-arm64-amp	IRQ	720	768	736	768	-16	ok
qemu-arm64-amp	IRQK	720	768	736	768	-16	ok
qemu-arm64-amp	PANIC	288	704	288	704	0	ok
qemu-arm64-amp	RET	752	1216	752	1216	0	ok
qemu-arm64-amp	RETSW	1312	1536	1312	1536	0	ok
qemu-arm64-amp	SYSK	1568	2048	1568	1808	0	ok
qemu-arm64-amp2-n0	EXITK	736	1232	752	1232	-16	ok
qemu-arm64-amp2-n0	EXITKSW	1376	1648	1408	1648	-32	ok
qemu-arm64-amp2-n0	FAULT	736	1216	768	1216	-32	ok
qemu-arm64-amp2-n0	IDLE	16	64	16	64	0	ok
qemu-arm64-amp2-n0	IRQ	448	768	448	768	0	ok
qemu-arm64-amp2-n0	IRQK	448	768	448	768	0	ok
qemu-arm64-amp2-n0	PANIC	208	704	208	704	0	ok
qemu-arm64-amp2-n0	RET	720	1216	720	1216	0	ok
qemu-arm64-amp2-n0	RETSW	1264	1536	1264	1536	0	ok
qemu-arm64-amp2-n0	SYSK	1520	2048	1520	1808	0	ok
qemu-arm64-amp2-n1	EXITK	736	1232	752	1232	-16	ok
qemu-arm64-amp2-n1	EXITKSW	1376	1648	1408	1648	-32	ok
qemu-arm64-amp2-n1	FAULT	736	1216	768	1216	-32	ok
qemu-arm64-amp2-n1	IDLE	16	64	16	64	0	ok
qemu-arm64-amp2-n1	IRQ	448	768	448	768	0	ok
qemu-arm64-amp2-n1	IRQK	448	768	448	768	0	ok
qemu-arm64-amp2-n1	PANIC	208	704	208	704	0	ok
qemu-arm64-amp2-n1	RET	720	1216	720	1216	0	ok
qemu-arm64-amp2-n1	RETSW	1264	1536	1264	1536	0	ok
qemu-arm64-amp2-n1	SYSK	1520	2048	1520	1808	0	ok
qemu-arm64-amp3-n0	EXITK	736	1232	752	1232	-16	ok
qemu-arm64-amp3-n0	EXITKSW	1376	1648	1408	1648	-32	ok
qemu-arm64-amp3-n0	FAULT	736	1216	768	1216	-32	ok
qemu-arm64-amp3-n0	IDLE	16	64	16	64	0	ok
qemu-arm64-amp3-n0	IRQ	464	768	464	768	0	ok
qemu-arm64-amp3-n0	IRQK	464	768	464	768	0	ok
qemu-arm64-amp3-n0	PANIC	208	704	208	704	0	ok
qemu-arm64-amp3-n0	RET	720	1216	720	1216	0	ok
qemu-arm64-amp3-n0	RETSW	1264	1536	1264	1536	0	ok
qemu-arm64-amp3-n0	SYSK	1520	2048	1520	1808	0	ok
qemu-arm64-amp3-n1	EXITK	736	1232	752	1232	-16	ok
qemu-arm64-amp3-n1	EXITKSW	1376	1648	1408	1648	-32	ok
qemu-arm64-amp3-n1	FAULT	736	1216	768	1216	-32	ok
qemu-arm64-amp3-n1	IDLE	16	64	16	64	0	ok
qemu-arm64-amp3-n1	IRQ	464	768	464	768	0	ok
qemu-arm64-amp3-n1	IRQK	464	768	464	768	0	ok
qemu-arm64-amp3-n1	PANIC	208	704	208	704	0	ok
qemu-arm64-amp3-n1	RET	720	1216	720	1216	0	ok
qemu-arm64-amp3-n1	RETSW	1264	1536	1264	1536	0	ok
qemu-arm64-amp3-n1	SYSK	1520	2048	1520	1808	0	ok
qemu-arm64-amp3-n2	EXITK	736	1232	752	1232	-16	ok
qemu-arm64-amp3-n2	EXITKSW	1376	1648	1408	1648	-32	ok
qemu-arm64-amp3-n2	FAULT	736	1216	768	1216	-32	ok
qemu-arm64-amp3-n2	IDLE	16	64	16	64	0	ok
qemu-arm64-amp3-n2	IRQ	464	768	464	768	0	ok
qemu-arm64-amp3-n2	IRQK	464	768	464	768	0	ok
qemu-arm64-amp3-n2	PANIC	208	704	208	704	0	ok
qemu-arm64-amp3-n2	RET	720	1216	720	1216	0	ok
qemu-arm64-amp3-n2	RETSW	1264	1536	1264	1536	0	ok
qemu-arm64-amp3-n2	SYSK	1520	2048	1520	1808	0	ok
qemu-arm64-bench	EXITK	800	1232	800	1232	0	ok
qemu-arm64-bench	EXITKSW	1408	1648	1440	1648	-32	ok
qemu-arm64-bench	FAULT	880	1216	896	1216	-16	ok
qemu-arm64-bench	IDLE	16	64	16	64	0	ok
qemu-arm64-bench	IRQ	432	768	432	768	0	ok
qemu-arm64-bench	IRQK	432	768	432	768	0	ok
qemu-arm64-bench	PANIC	352	704	336	704	16	ok
qemu-arm64-bench	RET	784	1216	784	1216	0	ok
qemu-arm64-bench	RETSW	1328	1536	1328	1536	0	ok
qemu-arm64-bench	SYSK	1664	2048	1664	1808	0	ok
qemu-arm64-benchgicv3	EXITK	1232	1232	-	-	-	ok
qemu-arm64-benchgicv3	EXITKSW	1616	1648	-	-	-	ok
qemu-arm64-benchgicv3	FAULT	1200	1216	1232	1216	-32	ok
qemu-arm64-benchgicv3	IDLE	16	64	-	-	-	ok
qemu-arm64-benchgicv3	IRQ	688	768	-	-	-	ok
qemu-arm64-benchgicv3	IRQK	688	768	-	-	-	ok
qemu-arm64-benchgicv3	PANIC	672	704	-	-	-	ok
qemu-arm64-benchgicv3	RET	1200	1216	-	-	-	ok
qemu-arm64-benchgicv3	RETSW	1504	1536	-	-	-	ok
qemu-arm64-benchgicv3	SYSK	1856	2048	1840	1808	16	ok
qemu-arm64-benchsmp	EXITK	1104	1232	1104	1232	0	ok
qemu-arm64-benchsmp	EXITKSW	1552	1648	1584	1648	-32	ok
qemu-arm64-benchsmp	FAULT	1072	1216	1104	1216	-32	ok
qemu-arm64-benchsmp	IDLE	16	64	16	64	0	ok
qemu-arm64-benchsmp	IRQ	576	768	576	768	0	ok
qemu-arm64-benchsmp	IRQK	576	768	576	768	0	ok
qemu-arm64-benchsmp	PANIC	544	704	544	704	0	ok
qemu-arm64-benchsmp	RET	1072	1216	1072	1216	0	ok
qemu-arm64-benchsmp	RETSW	1440	1536	1440	1536	0	ok
qemu-arm64-benchsmp	SYSK	1760	2048	1760	1808	0	ok
qemu-arm64-benchsmp12	EXITK	1232	1232	-	-	-	ok
qemu-arm64-benchsmp12	EXITKSW	1600	1648	-	-	-	ok
qemu-arm64-benchsmp12	FAULT	1200	1216	1232	1216	-32	ok
qemu-arm64-benchsmp12	IDLE	16	64	-	-	-	ok
qemu-arm64-benchsmp12	IRQ	688	768	-	-	-	ok
qemu-arm64-benchsmp12	IRQK	688	768	-	-	-	ok
qemu-arm64-benchsmp12	PANIC	672	704	-	-	-	ok
qemu-arm64-benchsmp12	RET	1200	1216	-	-	-	ok
qemu-arm64-benchsmp12	RETSW	1488	1536	-	-	-	ok
qemu-arm64-benchsmp12	SYSK	1856	2048	1840	1808	16	ok
qemu-arm64-benchsmp2	EXITK	1104	1232	1104	1232	0	ok
qemu-arm64-benchsmp2	EXITKSW	1552	1648	1584	1648	-32	ok
qemu-arm64-benchsmp2	FAULT	1072	1216	1104	1216	-32	ok
qemu-arm64-benchsmp2	IDLE	16	64	16	64	0	ok
qemu-arm64-benchsmp2	IRQ	576	768	576	768	0	ok
qemu-arm64-benchsmp2	IRQK	576	768	576	768	0	ok
qemu-arm64-benchsmp2	PANIC	544	704	544	704	0	ok
qemu-arm64-benchsmp2	RET	1072	1216	1072	1216	0	ok
qemu-arm64-benchsmp2	RETSW	1440	1536	1440	1536	0	ok
qemu-arm64-benchsmp2	SYSK	1760	2048	1760	1808	0	ok
qemu-arm64-gicv3	EXITK	1152	1232	1168	1232	-16	ok
qemu-arm64-gicv3	EXITKSW	1584	1648	1616	1648	-32	ok
qemu-arm64-gicv3	FAULT	1120	1216	1168	1216	-48	ok
qemu-arm64-gicv3	IDLE	16	64	16	64	0	ok
qemu-arm64-gicv3	IRQ	656	768	656	768	0	ok
qemu-arm64-gicv3	IRQK	656	768	656	768	0	ok
qemu-arm64-gicv3	PANIC	592	704	608	704	-16	ok
qemu-arm64-gicv3	RET	1120	1216	1136	1216	-16	ok
qemu-arm64-gicv3	RETSW	1456	1536	1456	1536	0	ok
qemu-arm64-gicv3	SYSK	1808	2048	1792	1808	16	ok
qemu-arm64-smp	EXITK	1024	1232	1040	1232	-16	ok
qemu-arm64-smp	EXITKSW	1520	1648	1552	1648	-32	ok
qemu-arm64-smp	FAULT	992	1216	1040	1216	-48	ok
qemu-arm64-smp	IDLE	16	64	16	64	0	ok
qemu-arm64-smp	IRQ	544	768	544	768	0	ok
qemu-arm64-smp	IRQK	544	768	544	768	0	ok
qemu-arm64-smp	PANIC	464	704	480	704	-16	ok
qemu-arm64-smp	RET	992	1216	1008	1216	-16	ok
qemu-arm64-smp	RETSW	1392	1536	1392	1536	0	ok
qemu-arm64-smp	SYSK	1680	2048	1664	1808	16	ok
qemu-arm64-smpiso	EXITK	1024	1232	1040	1232	-16	ok
qemu-arm64-smpiso	EXITKSW	1520	1648	1552	1648	-32	ok
qemu-arm64-smpiso	FAULT	992	1216	1040	1216	-48	ok
qemu-arm64-smpiso	IDLE	16	64	16	64	0	ok
qemu-arm64-smpiso	IRQ	544	768	544	768	0	ok
qemu-arm64-smpiso	IRQK	544	768	544	768	0	ok
qemu-arm64-smpiso	PANIC	464	704	480	704	-16	ok
qemu-arm64-smpiso	RET	992	1216	1008	1216	-16	ok
qemu-arm64-smpiso	RETSW	1392	1536	1392	1536	0	ok
qemu-arm64-smpiso	SYSK	1680	2048	1664	1808	16	ok
qemu-flat	EXITK	296	448	296	448	0	ok
qemu-flat	PANIC	104	320	104	320	0	ok
qemu-flat	PENDSV	0	0	0	0	0	ok
qemu-flat	RET	272	312	272	312	0	ok
qemu-flat	SVCK	444	768	444	768	0	ok
qemu-m3	EXITK	296	448	296	448	0	ok
qemu-m3	PANIC	104	320	104	320	0	ok
qemu-m3	PENDSV	0	0	0	0	0	ok
qemu-m3	RET	272	312	272	312	0	ok
qemu-m3	SVCK	624	768	624	768	0	ok
qemu-m3-flat	EXITK	296	448	296	448	0	ok
qemu-m3-flat	PANIC	104	320	104	320	0	ok
qemu-m3-flat	PENDSV	0	0	0	0	0	ok
qemu-m3-flat	RET	272	312	272	312	0	ok
qemu-m3-flat	SVCK	444	768	444	768	0	ok
qemu-m33	EXITK	296	448	296	448	0	ok
qemu-m33	PANIC	104	320	104	320	0	ok
qemu-m33	PENDSV	0	0	0	0	0	ok
qemu-m33	RET	272	312	272	312	0	ok
qemu-m33	SVCK	624	768	624	768	0	ok
qemu-m33-flat	EXITK	296	448	296	448	0	ok
qemu-m33-flat	PANIC	104	320	104	320	0	ok
qemu-m33-flat	PENDSV	0	0	0	0	0	ok
qemu-m33-flat	RET	272	312	272	312	0	ok
qemu-m33-flat	SVCK	444	768	444	768	0	ok
qemu-m7	EXITK	296	448	296	448	0	ok
qemu-m7	PANIC	104	320	104	320	0	ok
qemu-m7	PENDSV	0	0	0	0	0	ok
qemu-m7	RET	272	312	272	312	0	ok
qemu-m7	SVCK	624	768	624	768	0	ok
qemu-m7-flat	EXITK	296	448	296	448	0	ok
qemu-m7-flat	PANIC	104	320	104	320	0	ok
qemu-m7-flat	PENDSV	0	0	0	0	0	ok
qemu-m7-flat	RET	272	312	272	312	0	ok
qemu-m7-flat	SVCK	444	768	444	768	0	ok
qemu-riscv	EXITK	352	576	352	576	0	ok
qemu-riscv	FAULT	544	832	544	832	0	ok
qemu-riscv	IDLE	16	64	16	64	0	ok
qemu-riscv	NESTED	544	832	544	832	0	ok
qemu-riscv	PANIC	160	448	160	448	0	ok
qemu-riscv	RET	352	384	352	384	0	ok
qemu-riscv	SWITCH	0	0	0	0	0	ok
qemu-riscv	SYS	688	912	688	912	0	ok
qemu-riscv	SYSPRIV	688	704	688	704	0	ok
qemu-riscv	TRAP	176	480	176	480	0	ok
qemu-riscv-bench	EXITK	384	576	384	576	0	ok
qemu-riscv-bench	FAULT	560	832	576	832	-16	ok
qemu-riscv-bench	IDLE	16	64	16	64	0	ok
qemu-riscv-bench	NESTED	560	832	576	832	-16	ok
qemu-riscv-bench	PANIC	208	448	224	448	-16	ok
qemu-riscv-bench	RET	384	448	384	448	0	ok
qemu-riscv-bench	SWITCH	0	0	0	0	0	ok
qemu-riscv-bench	SYS	768	912	784	912	-16	ok
qemu-riscv-bench	SYSPRIV	768	832	784	832	-16	ok
qemu-riscv-bench	TRAP	208	480	208	480	0	ok
qemu-riscv-flat	EXITK	352	576	352	576	0	ok
qemu-riscv-flat	FAULT	544	832	544	832	0	ok
qemu-riscv-flat	IDLE	16	64	16	64	0	ok
qemu-riscv-flat	NESTED	544	832	544	832	0	ok
qemu-riscv-flat	PANIC	160	448	160	448	0	ok
qemu-riscv-flat	RET	352	384	352	384	0	ok
qemu-riscv-flat	SWITCH	0	0	0	0	0	ok
qemu-riscv-flat	SYS	544	912	544	912	0	ok
qemu-riscv-flat	SYSPRIV	544	704	544	704	0	ok
qemu-riscv-flat	TRAP	176	480	176	480	0	ok
qemu-riscv64	EXITK	864	2048	864	1120	0	ok
qemu-riscv64	EXITKSW	864	2048	864	1120	0	ok
qemu-riscv64	IDLE	16	64	16	64	0	ok
qemu-riscv64	IRQ	592	896	592	896	0	ok
qemu-riscv64	IRQK	592	896	592	896	0	ok
qemu-riscv64	NESTED	608	960	608	960	0	ok
qemu-riscv64	PANIC	192	576	192	576	0	ok
qemu-riscv64	RET	848	1152	848	1152	0	ok
qemu-riscv64	RETSW	848	1152	848	1152	0	ok
qemu-riscv64	SYSK	1712	2048	1712	1904	0	ok
qemu-riscv64-bench	EXITK	912	2048	912	1120	0	ok
qemu-riscv64-bench	EXITKSW	912	2048	912	1120	0	ok
qemu-riscv64-bench	IDLE	16	64	16	64	0	ok
qemu-riscv64-bench	IRQ	640	896	640	896	0	ok
qemu-riscv64-bench	IRQK	640	896	640	896	0	ok
qemu-riscv64-bench	NESTED	656	960	656	960	0	ok
qemu-riscv64-bench	PANIC	272	576	272	576	0	ok
qemu-riscv64-bench	RET	896	1152	896	1152	0	ok
qemu-riscv64-bench	RETSW	896	1152	896	1152	0	ok
qemu-riscv64-bench	SYSK	1760	2048	1760	1904	0	ok
qemu-riscv64-benchsmp	EXITK	1136	2048	1136	1120	0	ok
qemu-riscv64-benchsmp	EXITKSW	1136	2048	1136	1120	0	ok
qemu-riscv64-benchsmp	IDLE	16	64	-	-	-	ok
qemu-riscv64-benchsmp	IRQ	864	896	-	-	-	ok
qemu-riscv64-benchsmp	IRQK	864	896	-	-	-	ok
qemu-riscv64-benchsmp	NESTED	880	960	-	-	-	ok
qemu-riscv64-benchsmp	PANIC	496	576	-	-	-	ok
qemu-riscv64-benchsmp	RET	1120	1152	-	-	-	ok
qemu-riscv64-benchsmp	RETSW	1120	1152	-	-	-	ok
qemu-riscv64-benchsmp	SYSK	1936	2048	1936	1904	0	ok
qemu-riscv64-benchsmp2	EXITK	1136	2048	1136	1120	0	ok
qemu-riscv64-benchsmp2	EXITKSW	1136	2048	1136	1120	0	ok
qemu-riscv64-benchsmp2	IDLE	16	64	-	-	-	ok
qemu-riscv64-benchsmp2	IRQ	864	896	-	-	-	ok
qemu-riscv64-benchsmp2	IRQK	864	896	-	-	-	ok
qemu-riscv64-benchsmp2	NESTED	880	960	-	-	-	ok
qemu-riscv64-benchsmp2	PANIC	496	576	-	-	-	ok
qemu-riscv64-benchsmp2	RET	1120	1152	-	-	-	ok
qemu-riscv64-benchsmp2	RETSW	1120	1152	-	-	-	ok
qemu-riscv64-benchsmp2	SYSK	1936	2048	1936	1904	0	ok
qemu-riscv64-smp	EXITK	1088	2048	1088	1120	0	ok
qemu-riscv64-smp	EXITKSW	1088	2048	1088	1120	0	ok
qemu-riscv64-smp	IDLE	16	64	16	64	0	ok
qemu-riscv64-smp	IRQ	816	896	816	896	0	ok
qemu-riscv64-smp	IRQK	816	896	816	896	0	ok
qemu-riscv64-smp	NESTED	832	960	832	960	0	ok
qemu-riscv64-smp	PANIC	448	576	448	576	0	ok
qemu-riscv64-smp	RET	1072	1152	1072	1152	0	ok
qemu-riscv64-smp	RETSW	1072	1152	1072	1152	0	ok
qemu-riscv64-smp	SYSK	1904	2048	1904	1904	0	ok
qemu-riscv64-sv48	EXITK	864	2048	864	1120	0	ok
qemu-riscv64-sv48	EXITKSW	864	2048	864	1120	0	ok
qemu-riscv64-sv48	IDLE	16	64	16	64	0	ok
qemu-riscv64-sv48	IRQ	592	896	592	896	0	ok
qemu-riscv64-sv48	IRQK	592	896	592	896	0	ok
qemu-riscv64-sv48	NESTED	608	960	608	960	0	ok
qemu-riscv64-sv48	PANIC	192	576	192	576	0	ok
qemu-riscv64-sv48	RET	848	1152	848	1152	0	ok
qemu-riscv64-sv48	RETSW	848	1152	848	1152	0	ok
qemu-riscv64-sv48	SYSK	1712	2048	1712	1904	0	ok
qemu-telem	EXITK	800	952	800	952	0	ok
qemu-telem	PANIC	760	832	760	832	0	ok
qemu-telem	PENDSV	0	0	0	0	0	ok
qemu-telem	RET	792	800	792	800	0	ok
qemu-telem	SVCK	1008	1240	1008	1240	0	ok
qemu-x86_64	EXITK	904	1024	816	816	88	ok
qemu-x86_64	EXITKSW	904	1024	816	816	88	ok
qemu-x86_64	IDLE	24	64	24	64	0	ok
qemu-x86_64	IRQ	544	576	328	448	216	ok
qemu-x86_64	IRQK	544	576	328	448	216	ok
qemu-x86_64	IST	544	576	328	448	216	ok
qemu-x86_64	PANIC	312	384	240	384	72	ok
qemu-x86_64	RET	888	1024	816	832	72	ok
qemu-x86_64	RETSW	888	1024	816	832	72	ok
qemu-x86_64	SYSK	1800	1800	1696	1800	104	ok
qemu-x86_64	SYSPRIV	1800	1856	1696	1856	104	ok
qemu-x86_64	SYSPRIVSW	1800	1856	1696	1856	104	ok
qemu-x86_64-bench	EXITK	920	1024	816	816	104	ok
qemu-x86_64-bench	EXITKSW	920	1024	816	816	104	ok
qemu-x86_64-bench	IDLE	24	64	24	64	0	ok
qemu-x86_64-bench	IRQ	576	576	344	448	232	ok
qemu-x86_64-bench	IRQK	576	576	344	448	232	ok
qemu-x86_64-bench	IST	576	576	344	448	232	ok
qemu-x86_64-bench	PANIC	344	384	288	384	56	ok
qemu-x86_64-bench	RET	904	1024	816	832	88	ok
qemu-x86_64-bench	RETSW	904	1024	816	832	88	ok
qemu-x86_64-bench	SYSK	1800	1800	1712	1800	88	ok
qemu-x86_64-bench	SYSPRIV	1800	1856	1712	1856	88	ok
qemu-x86_64-bench	SYSPRIVSW	1800	1856	1712	1856	88	ok
qemu-x86_64-smp12	EXITK	1184	1280	1080	1080	104	ok
qemu-x86_64-smp12	EXITKSW	1184	1280	1080	1080	104	ok
qemu-x86_64-smp12	IDLE	24	64	24	64	0	ok
qemu-x86_64-smp12	IRQ	672	768	568	640	104	ok
qemu-x86_64-smp12	IRQK	672	768	568	640	104	ok
qemu-x86_64-smp12	IST	672	768	568	640	104	ok
qemu-x86_64-smp12	PANIC	608	640	504	576	104	ok
qemu-x86_64-smp12	RET	1152	1280	1064	1088	88	ok
qemu-x86_64-smp12	RETSW	1152	1280	1064	1088	88	ok
qemu-x86_64-smp12	SYSK	2304	2432	2168	2296	136	ok
qemu-x86_64-smp12	SYSPRIV	2304	2304	2168	2304	136	ok
qemu-x86_64-smp12	SYSPRIVSW	2304	2304	2168	2304	136	ok
qemu-x86_64-smp2	EXITK	1152	1280	1048	1080	104	ok
qemu-x86_64-smp2	EXITKSW	1152	1280	1048	1080	104	ok
qemu-x86_64-smp2	IDLE	24	64	24	64	0	ok
qemu-x86_64-smp2	IRQ	656	768	536	640	120	ok
qemu-x86_64-smp2	IRQK	656	768	536	640	120	ok
qemu-x86_64-smp2	IST	656	768	536	640	120	ok
qemu-x86_64-smp2	PANIC	576	640	472	576	104	ok
qemu-x86_64-smp2	RET	1120	1280	1032	1088	88	ok
qemu-x86_64-smp2	RETSW	1120	1280	1032	1088	88	ok
qemu-x86_64-smp2	SYSK	2272	2432	2136	2296	136	ok
qemu-x86_64-smp2	SYSPRIV	2272	2304	2136	2304	136	ok
qemu-x86_64-smp2	SYSPRIVSW	2272	2304	2136	2304	136	ok
qemu-x86_64-smp2root1	EXITK	1152	1280	-	-	-	ok
qemu-x86_64-smp2root1	EXITKSW	1152	1280	-	-	-	ok
qemu-x86_64-smp2root1	IDLE	24	64	-	-	-	ok
qemu-x86_64-smp2root1	IRQ	656	768	-	-	-	ok
qemu-x86_64-smp2root1	IRQK	656	768	-	-	-	ok
qemu-x86_64-smp2root1	IST	656	768	-	-	-	ok
qemu-x86_64-smp2root1	PANIC	576	640	-	-	-	ok
qemu-x86_64-smp2root1	RET	1120	1280	-	-	-	ok
qemu-x86_64-smp2root1	RETSW	1120	1280	-	-	-	ok
qemu-x86_64-smp2root1	SYSK	2272	2432	-	-	-	ok
qemu-x86_64-smp2root1	SYSPRIV	2272	2304	-	-	-	ok
qemu-x86_64-smp2root1	SYSPRIVSW	2272	2304	-	-	-	ok
qemu-x86_64-smp4	EXITK	1152	1280	1048	1080	104	ok
qemu-x86_64-smp4	EXITKSW	1152	1280	1048	1080	104	ok
qemu-x86_64-smp4	IDLE	24	64	24	64	0	ok
qemu-x86_64-smp4	IRQ	656	768	536	640	120	ok
qemu-x86_64-smp4	IRQK	656	768	536	640	120	ok
qemu-x86_64-smp4	IST	656	768	536	640	120	ok
qemu-x86_64-smp4	PANIC	576	640	472	576	104	ok
qemu-x86_64-smp4	RET	1120	1280	1032	1088	88	ok
qemu-x86_64-smp4	RETSW	1120	1280	1032	1088	88	ok
qemu-x86_64-smp4	SYSK	2272	2432	2136	2296	136	ok
qemu-x86_64-smp4	SYSPRIV	2272	2304	2136	2304	136	ok
qemu-x86_64-smp4	SYSPRIVSW	2272	2304	2136	2304	136	ok
qemu-x86_64-smp8	EXITK	1168	1280	1064	1080	104	ok
qemu-x86_64-smp8	EXITKSW	1168	1280	1064	1080	104	ok
qemu-x86_64-smp8	IDLE	24	64	24	64	0	ok
qemu-x86_64-smp8	IRQ	656	768	552	640	104	ok
qemu-x86_64-smp8	IRQK	656	768	552	640	104	ok
qemu-x86_64-smp8	IST	656	768	552	640	104	ok
qemu-x86_64-smp8	PANIC	592	640	488	576	104	ok
qemu-x86_64-smp8	RET	1136	1280	1048	1088	88	ok
qemu-x86_64-smp8	RETSW	1136	1280	1048	1088	88	ok
qemu-x86_64-smp8	SYSK	2288	2432	2152	2296	136	ok
qemu-x86_64-smp8	SYSPRIV	2288	2304	2152	2304	136	ok
qemu-x86_64-smp8	SYSPRIVSW	2288	2304	2152	2304	136	ok
rx72m	EXITK	368	448	372	448	-4	ok
rx72m	PANIC	156	320	156	320	0	ok
rx72m	PENDSW	32	64	36	64	-4	ok
rx72m	RET	340	480	336	480	4	ok
rx72m	SYS	0	0	0	0	0	ok
rx72m	SYSK	568	796	572	796	-4	ok
rx72m	SYS_FAST	32	64	36	64	-4	ok
rx72m-bench	EXITK	388	448	400	448	-12	ok
rx72m-bench	PANIC	160	320	156	320	4	ok
rx72m-bench	PENDSW	44	64	44	64	0	ok
rx72m-bench	RET	360	480	364	480	-4	ok
rx72m-bench	SYS	0	0	0	0	0	ok
rx72m-bench	SYSK	772	796	792	796	-20	ok
rx72m-bench	SYS_FAST	44	64	44	64	0	ok
rx72m-flat	EXITK	368	448	372	448	-4	ok
rx72m-flat	PANIC	156	320	156	320	0	ok
rx72m-flat	PENDSW	4	64	4	64	0	ok
rx72m-flat	RET	340	480	336	480	4	ok
rx72m-flat	SYS	0	0	0	0	0	ok
rx72m-flat	SYSK	504	796	500	796	4	ok
rx72m-flat	SYS_FAST	4	64	4	64	0	ok
rx72m-st	EXITK	368	448	372	448	-4	ok
rx72m-st	PANIC	156	320	156	320	0	ok
rx72m-st	PENDSW	32	64	36	64	-4	ok
rx72m-st	RET	340	480	336	480	4	ok
rx72m-st	SYS	0	0	0	0	0	ok
rx72m-st	SYSK	668	796	668	796	0	ok
rx72m-st	SYS_FAST	32	64	36	64	-4	ok
teensy41	EXITK	296	448	296	448	0	ok
teensy41	PANIC	104	320	104	320	0	ok
teensy41	PENDSV	0	0	0	0	0	ok
teensy41	RET	272	312	272	312	0	ok
teensy41	SVCK	552	768	552	768	0	ok
teensy41-flat	EXITK	296	448	296	448	0	ok
teensy41-flat	PANIC	104	320	104	320	0	ok
teensy41-flat	PENDSV	0	0	0	0	0	ok
teensy41-flat	RET	272	312	272	312	0	ok
teensy41-flat	SVCK	444	768	444	768	0	ok
teensy41-st	EXITK	296	448	296	448	0	ok
teensy41-st	PANIC	104	320	104	320	0	ok
teensy41-st	PENDSV	0	0	0	0	0	ok
teensy41-st	RET	272	312	272	312	0	ok
teensy41-st	SVCK	640	768	640	768	0	ok
xmc4800-relax	EXITK	296	448	296	448	0	ok
xmc4800-relax	PANIC	120	320	120	320	0	ok
xmc4800-relax	PENDSV	0	0	0	0	0	ok
xmc4800-relax	RET	272	312	272	312	0	ok
xmc4800-relax	SVCK	548	768	548	768	0	ok
xmc4800-relax-bench	EXITK	328	448	328	448	0	ok
xmc4800-relax-bench	PANIC	168	320	176	320	-8	ok
xmc4800-relax-bench	PENDSV	0	0	0	0	0	ok
xmc4800-relax-bench	RET	320	352	320	352	0	ok
xmc4800-relax-bench	SVCK	760	832	760	768	0	ok
xmc4800-relax-flat	EXITK	296	448	296	448	0	ok
xmc4800-relax-flat	PANIC	120	320	120	320	0	ok
xmc4800-relax-flat	PENDSV	0	0	0	0	0	ok
xmc4800-relax-flat	RET	272	312	272	312	0	ok
xmc4800-relax-flat	SVCK	444	768	444	768	0	ok
xmc4800-relax-st	EXITK	296	448	296	448	0	ok
xmc4800-relax-st	PANIC	120	320	120	320	0	ok
xmc4800-relax-st	PENDSV	0	0	0	0	0	ok
xmc4800-relax-st	RET	272	312	272	312	0	ok
xmc4800-relax-st	SVCK	636	768	636	768	0	ok
